<?xml version="1.0" encoding="UTF-8"?>
<project-private xmlns="http://www.netbeans.org/ns/project-private/1">
    <editor-bookmarks xmlns="http://www.netbeans.org/ns/editor-bookmarks/2" lastBookmarkId="0"/>
    <open-files xmlns="http://www.netbeans.org/ns/projectui-open-files/2">
        <group>
            <file>file:/C:/Users/11716636680/Documents/NetBeansProjects/AlgoGenetico-main/AlgoritmoGenetico-main/src/agjava2024/AlgoritmoGenetico.java</file>
            <file>file:/C:/Users/11716636680/Documents/NetBeansProjects/AlgoGenetico-main/AlgoritmoGenetico-main/src/agjava2024/AGJava2024.java</file>
        </group>
    </open-files>
</project-private>
